<annotation>
	<folder>images</folder>
	<filename>11.jpg</filename>
	<path>/Users/jinying/Desktop/images/11.jpg</path>
	<source>
		<database>Unknown</database>
	</source>
	<size>
		<width>224</width>
		<height>224</height>
		<depth>3</depth>
	</size>
	<segmented>0</segmented>
	<object>
		<name>mouse</name>
		<pose>Unspecified</pose>
		<truncated>0</truncated>
		<difficult>0</difficult>
		<bndbox>
			<xmin>33</xmin>
			<ymin>39</ymin>
			<xmax>190</xmax>
			<ymax>191</ymax>
		</bndbox>
	</object>
</annotation>
