<annotation>
	<folder>images</folder>
	<filename>12.jpg</filename>
	<path>/Users/jinying/Desktop/images/12.jpg</path>
	<source>
		<database>Unknown</database>
	</source>
	<size>
		<width>224</width>
		<height>224</height>
		<depth>3</depth>
	</size>
	<segmented>0</segmented>
	<object>
		<name>mouse</name>
		<pose>Unspecified</pose>
		<truncated>0</truncated>
		<difficult>0</difficult>
		<bndbox>
			<xmin>34</xmin>
			<ymin>38</ymin>
			<xmax>197</xmax>
			<ymax>185</ymax>
		</bndbox>
	</object>
</annotation>
