<annotation>
	<folder>images</folder>
	<filename>14a.jpg</filename>
	<path>/Users/jinying/Desktop/images/14a.jpg</path>
	<source>
		<database>Unknown</database>
	</source>
	<size>
		<width>224</width>
		<height>224</height>
		<depth>3</depth>
	</size>
	<segmented>0</segmented>
	<object>
		<name>bear</name>
		<pose>Unspecified</pose>
		<truncated>0</truncated>
		<difficult>0</difficult>
		<bndbox>
			<xmin>15</xmin>
			<ymin>70</ymin>
			<xmax>198</xmax>
			<ymax>211</ymax>
		</bndbox>
	</object>
</annotation>
