<annotation>
	<folder>images</folder>
	<filename>17a.jpg</filename>
	<path>/Users/jinying/Desktop/images/17a.jpg</path>
	<source>
		<database>Unknown</database>
	</source>
	<size>
		<width>224</width>
		<height>224</height>
		<depth>3</depth>
	</size>
	<segmented>0</segmented>
	<object>
		<name>bear</name>
		<pose>Unspecified</pose>
		<truncated>0</truncated>
		<difficult>0</difficult>
		<bndbox>
			<xmin>32</xmin>
			<ymin>73</ymin>
			<xmax>181</xmax>
			<ymax>204</ymax>
		</bndbox>
	</object>
</annotation>
