<annotation>
	<folder>images</folder>
	<filename>18.jpg</filename>
	<path>/Users/jinying/Desktop/images/18.jpg</path>
	<source>
		<database>Unknown</database>
	</source>
	<size>
		<width>224</width>
		<height>224</height>
		<depth>3</depth>
	</size>
	<segmented>0</segmented>
	<object>
		<name>mouse</name>
		<pose>Unspecified</pose>
		<truncated>0</truncated>
		<difficult>0</difficult>
		<bndbox>
			<xmin>43</xmin>
			<ymin>71</ymin>
			<xmax>179</xmax>
			<ymax>198</ymax>
		</bndbox>
	</object>
</annotation>
