<annotation>
	<folder>images</folder>
	<filename>8a.jpg</filename>
	<path>/Users/jinying/Desktop/images/8a.jpg</path>
	<source>
		<database>Unknown</database>
	</source>
	<size>
		<width>224</width>
		<height>224</height>
		<depth>3</depth>
	</size>
	<segmented>0</segmented>
	<object>
		<name>bear</name>
		<pose>Unspecified</pose>
		<truncated>0</truncated>
		<difficult>0</difficult>
		<bndbox>
			<xmin>54</xmin>
			<ymin>16</ymin>
			<xmax>182</xmax>
			<ymax>171</ymax>
		</bndbox>
	</object>
</annotation>
